,plate_id,Fibroblast_id,cell_culture,well,time,Interval,OCR,cell_n,Treat,Sample_Name,type,time_real
1,plate_2,5400,5400_plate_2,B2,1,Int1,68.84,20502.81465,Initial,5400_plate_2_B2,IRF,1.31
2,plate_2,5400,5400_plate_2,B2,2,Int1,64.78,20502.81465,Initial,5400_plate_2_B2,IRF,7.82
3,plate_2,5400,5400_plate_2,B2,3,Int1,64.43,20502.81465,Initial,5400_plate_2_B2,IRF,14.29
4,plate_2,5400,5400_plate_2,B2,4,Int2,62.45,20502.81465,OLIGOMYCIN,5400_plate_2_B2,IRF,20.84
5,plate_2,5400,5400_plate_2,B2,5,Int2,61.31,20502.81465,OLIGOMYCIN,5400_plate_2_B2,IRF,27.31
6,plate_2,5400,5400_plate_2,B2,6,Int2,61.82,20502.81465,OLIGOMYCIN,5400_plate_2_B2,IRF,33.78
7,plate_2,5400,5400_plate_2,B2,7,Int3,88.33,20502.81465,FCCP,5400_plate_2_B2,IRF,40.32
8,plate_2,5400,5400_plate_2,B2,8,Int3,95.73,20502.81465,FCCP,5400_plate_2_B2,IRF,46.81
9,plate_2,5400,5400_plate_2,B2,9,Int3,98.53,20502.81465,FCCP,5400_plate_2_B2,IRF,53.3
10,plate_2,5400,5400_plate_2,B2,10,Int4,23.24,20502.81465,ROTENONE,5400_plate_2_B2,IRF,59.87
11,plate_2,5400,5400_plate_2,B2,11,Int4,18.16,20502.81465,ROTENONE,5400_plate_2_B2,IRF,66.34
12,plate_2,5400,5400_plate_2,B2,12,Int4,20.33,20502.81465,ROTENONE,5400_plate_2_B2,IRF,72.8
13,plate_2,MNGIE,MNGIE_plate_2,B5,1,Int1,66.57,32084.59065,Initial,MNGIE_plate_2_B5,IRF,1.31
14,plate_2,MNGIE,MNGIE_plate_2,B5,2,Int1,63.78,32084.59065,Initial,MNGIE_plate_2_B5,IRF,7.82
15,plate_2,MNGIE,MNGIE_plate_2,B5,3,Int1,63.04,32084.59065,Initial,MNGIE_plate_2_B5,IRF,14.29
16,plate_2,MNGIE,MNGIE_plate_2,B5,4,Int2,44.32,32084.59065,OLIGOMYCIN,MNGIE_plate_2_B5,IRF,20.84
17,plate_2,MNGIE,MNGIE_plate_2,B5,5,Int2,44.2,32084.59065,OLIGOMYCIN,MNGIE_plate_2_B5,IRF,27.31
18,plate_2,MNGIE,MNGIE_plate_2,B5,6,Int2,43.03,32084.59065,OLIGOMYCIN,MNGIE_plate_2_B5,IRF,33.78
19,plate_2,MNGIE,MNGIE_plate_2,B5,7,Int3,68.62,32084.59065,FCCP,MNGIE_plate_2_B5,IRF,40.32
20,plate_2,MNGIE,MNGIE_plate_2,B5,8,Int3,63.07,32084.59065,FCCP,MNGIE_plate_2_B5,IRF,46.81
21,plate_2,MNGIE,MNGIE_plate_2,B5,9,Int3,63.03,32084.59065,FCCP,MNGIE_plate_2_B5,IRF,53.3
22,plate_2,MNGIE,MNGIE_plate_2,B5,10,Int4,26.57,32084.59065,ROTENONE,MNGIE_plate_2_B5,IRF,59.87
23,plate_2,MNGIE,MNGIE_plate_2,B5,11,Int4,26.45,32084.59065,ROTENONE,MNGIE_plate_2_B5,IRF,66.34
24,plate_2,MNGIE,MNGIE_plate_2,B5,12,Int4,26.54,32084.59065,ROTENONE,MNGIE_plate_2_B5,IRF,72.8
25,plate_2,498,498_plate_2,B6,1,Int1,144.75,35194.51199,Initial,498_plate_2_B6,IRF,1.31
26,plate_2,498,498_plate_2,B6,2,Int1,138.56,35194.51199,Initial,498_plate_2_B6,IRF,7.82
27,plate_2,498,498_plate_2,B6,3,Int1,136.46,35194.51199,Initial,498_plate_2_B6,IRF,14.29
28,plate_2,498,498_plate_2,B6,4,Int2,135.6,35194.51199,OLIGOMYCIN,498_plate_2_B6,IRF,20.84
29,plate_2,498,498_plate_2,B6,5,Int2,134.14,35194.51199,OLIGOMYCIN,498_plate_2_B6,IRF,27.31
30,plate_2,498,498_plate_2,B6,6,Int2,133.52,35194.51199,OLIGOMYCIN,498_plate_2_B6,IRF,33.78
31,plate_2,498,498_plate_2,B6,7,Int3,162.18,35194.51199,FCCP,498_plate_2_B6,IRF,40.32
32,plate_2,498,498_plate_2,B6,8,Int3,172.87,35194.51199,FCCP,498_plate_2_B6,IRF,46.81
33,plate_2,498,498_plate_2,B6,9,Int3,170.52,35194.51199,FCCP,498_plate_2_B6,IRF,53.3
34,plate_2,498,498_plate_2,B6,10,Int4,55.44,35194.51199,ROTENONE,498_plate_2_B6,IRF,59.87
35,plate_2,498,498_plate_2,B6,11,Int4,55.72,35194.51199,ROTENONE,498_plate_2_B6,IRF,66.34
36,plate_2,498,498_plate_2,B6,12,Int4,55.01,35194.51199,ROTENONE,498_plate_2_B6,IRF,72.8
37,plate_2,1235,1235_plate_2,B7,1,Int1,71.96,25543.03199,Initial,1235_plate_2_B7,IRF,1.31
38,plate_2,1235,1235_plate_2,B7,2,Int1,68.76,25543.03199,Initial,1235_plate_2_B7,IRF,7.82
39,plate_2,1235,1235_plate_2,B7,3,Int1,67.25,25543.03199,Initial,1235_plate_2_B7,IRF,14.29
40,plate_2,1235,1235_plate_2,B7,4,Int2,34.3,25543.03199,OLIGOMYCIN,1235_plate_2_B7,IRF,20.84
41,plate_2,1235,1235_plate_2,B7,5,Int2,33.99,25543.03199,OLIGOMYCIN,1235_plate_2_B7,IRF,27.31
42,plate_2,1235,1235_plate_2,B7,6,Int2,32.15,25543.03199,OLIGOMYCIN,1235_plate_2_B7,IRF,33.78
43,plate_2,1235,1235_plate_2,B7,7,Int3,82.31,25543.03199,FCCP,1235_plate_2_B7,IRF,40.32
44,plate_2,1235,1235_plate_2,B7,8,Int3,88.12,25543.03199,FCCP,1235_plate_2_B7,IRF,46.81
45,plate_2,1235,1235_plate_2,B7,9,Int3,97.69,25543.03199,FCCP,1235_plate_2_B7,IRF,53.3
46,plate_2,1235,1235_plate_2,B7,10,Int4,21.1,25543.03199,ROTENONE,1235_plate_2_B7,IRF,59.87
47,plate_2,1235,1235_plate_2,B7,11,Int4,20.83,25543.03199,ROTENONE,1235_plate_2_B7,IRF,66.34
48,plate_2,1235,1235_plate_2,B7,12,Int4,19.68,25543.03199,ROTENONE,1235_plate_2_B7,IRF,72.8
49,plate_2,498_galactose,498_galactose_plate_2,B8,1,Int1,162.14,37151.61765,Initial,498_galactose_plate_2_B8,IRF,1.31
50,plate_2,498_galactose,498_galactose_plate_2,B8,2,Int1,154.77,37151.61765,Initial,498_galactose_plate_2_B8,IRF,7.82
51,plate_2,498_galactose,498_galactose_plate_2,B8,3,Int1,153.67,37151.61765,Initial,498_galactose_plate_2_B8,IRF,14.29
52,plate_2,498_galactose,498_galactose_plate_2,B8,4,Int2,93.97,37151.61765,OLIGOMYCIN,498_galactose_plate_2_B8,IRF,20.84
53,plate_2,498_galactose,498_galactose_plate_2,B8,5,Int2,92.72,37151.61765,OLIGOMYCIN,498_galactose_plate_2_B8,IRF,27.31
54,plate_2,498_galactose,498_galactose_plate_2,B8,6,Int2,91.78,37151.61765,OLIGOMYCIN,498_galactose_plate_2_B8,IRF,33.78
55,plate_2,498_galactose,498_galactose_plate_2,B8,7,Int3,159.36,37151.61765,FCCP,498_galactose_plate_2_B8,IRF,40.32
56,plate_2,498_galactose,498_galactose_plate_2,B8,8,Int3,161.74,37151.61765,FCCP,498_galactose_plate_2_B8,IRF,46.81
57,plate_2,498_galactose,498_galactose_plate_2,B8,9,Int3,168.94,37151.61765,FCCP,498_galactose_plate_2_B8,IRF,53.3
58,plate_2,498_galactose,498_galactose_plate_2,B8,10,Int4,59.9,37151.61765,ROTENONE,498_galactose_plate_2_B8,IRF,59.87
59,plate_2,498_galactose,498_galactose_plate_2,B8,11,Int4,61.27,37151.61765,ROTENONE,498_galactose_plate_2_B8,IRF,66.34
60,plate_2,498_galactose,498_galactose_plate_2,B8,12,Int4,60.38,37151.61765,ROTENONE,498_galactose_plate_2_B8,IRF,72.8
61,plate_2,498_mitoQ,498_mitoQ_plate_2,B9,1,Int1,78.73,37795.04965,Initial,498_mitoQ_plate_2_B9,IRF,1.31
62,plate_2,498_mitoQ,498_mitoQ_plate_2,B9,2,Int1,75.21,37795.04965,Initial,498_mitoQ_plate_2_B9,IRF,7.82
63,plate_2,498_mitoQ,498_mitoQ_plate_2,B9,3,Int1,74.34,37795.04965,Initial,498_mitoQ_plate_2_B9,IRF,14.29
64,plate_2,498_mitoQ,498_mitoQ_plate_2,B9,4,Int2,58.88,37795.04965,OLIGOMYCIN,498_mitoQ_plate_2_B9,IRF,20.84
65,plate_2,498_mitoQ,498_mitoQ_plate_2,B9,5,Int2,58.74,37795.04965,OLIGOMYCIN,498_mitoQ_plate_2_B9,IRF,27.31
66,plate_2,498_mitoQ,498_mitoQ_plate_2,B9,6,Int2,57.74,37795.04965,OLIGOMYCIN,498_mitoQ_plate_2_B9,IRF,33.78
67,plate_2,498_mitoQ,498_mitoQ_plate_2,B9,7,Int3,70.27,37795.04965,FCCP,498_mitoQ_plate_2_B9,IRF,40.32
68,plate_2,498_mitoQ,498_mitoQ_plate_2,B9,8,Int3,68.62,37795.04965,FCCP,498_mitoQ_plate_2_B9,IRF,46.81
69,plate_2,498_mitoQ,498_mitoQ_plate_2,B9,9,Int3,65.47,37795.04965,FCCP,498_mitoQ_plate_2_B9,IRF,53.3
70,plate_2,498_mitoQ,498_mitoQ_plate_2,B9,10,Int4,32.25,37795.04965,ROTENONE,498_mitoQ_plate_2_B9,IRF,59.87
71,plate_2,498_mitoQ,498_mitoQ_plate_2,B9,11,Int4,32.35,37795.04965,ROTENONE,498_mitoQ_plate_2_B9,IRF,66.34
72,plate_2,498_mitoQ,498_mitoQ_plate_2,B9,12,Int4,31.51,37795.04965,ROTENONE,498_mitoQ_plate_2_B9,IRF,72.8
73,plate_2,38,38_plate_2,B10,1,Int1,76.71,25248.12565,Initial,38_plate_2_B10,IRF,1.31
74,plate_2,38,38_plate_2,B10,2,Int1,73.79,25248.12565,Initial,38_plate_2_B10,IRF,7.82
75,plate_2,38,38_plate_2,B10,3,Int1,72.82,25248.12565,Initial,38_plate_2_B10,IRF,14.29
76,plate_2,38,38_plate_2,B10,4,Int2,72.82,25248.12565,OLIGOMYCIN,38_plate_2_B10,IRF,20.84
77,plate_2,38,38_plate_2,B10,5,Int2,72.15,25248.12565,OLIGOMYCIN,38_plate_2_B10,IRF,27.31
78,plate_2,38,38_plate_2,B10,6,Int2,72.52,25248.12565,OLIGOMYCIN,38_plate_2_B10,IRF,33.78
79,plate_2,38,38_plate_2,B10,7,Int3,95.3,25248.12565,FCCP,38_plate_2_B10,IRF,40.32
80,plate_2,38,38_plate_2,B10,8,Int3,92.47,25248.12565,FCCP,38_plate_2_B10,IRF,46.81
81,plate_2,38,38_plate_2,B10,9,Int3,90.12,25248.12565,FCCP,38_plate_2_B10,IRF,53.3
82,plate_2,38,38_plate_2,B10,10,Int4,22.92,25248.12565,ROTENONE,38_plate_2_B10,IRF,59.87
83,plate_2,38,38_plate_2,B10,11,Int4,23.03,25248.12565,ROTENONE,38_plate_2_B10,IRF,66.34
84,plate_2,38,38_plate_2,B10,12,Int4,23.03,25248.12565,ROTENONE,38_plate_2_B10,IRF,72.8
85,plate_2,1244,1244_plate_2,B11,1,Int1,73.96,22540.34932,Initial,1244_plate_2_B11,IRF,1.31
86,plate_2,1244,1244_plate_2,B11,2,Int1,69.91,22540.34932,Initial,1244_plate_2_B11,IRF,7.82
87,plate_2,1244,1244_plate_2,B11,3,Int1,68.77,22540.34932,Initial,1244_plate_2_B11,IRF,14.29
88,plate_2,1244,1244_plate_2,B11,4,Int2,67.39,22540.34932,OLIGOMYCIN,1244_plate_2_B11,IRF,20.84
89,plate_2,1244,1244_plate_2,B11,5,Int2,67.41,22540.34932,OLIGOMYCIN,1244_plate_2_B11,IRF,27.31
90,plate_2,1244,1244_plate_2,B11,6,Int2,67.37,22540.34932,OLIGOMYCIN,1244_plate_2_B11,IRF,33.78
91,plate_2,1244,1244_plate_2,B11,7,Int3,85.66,22540.34932,FCCP,1244_plate_2_B11,IRF,40.32
92,plate_2,1244,1244_plate_2,B11,8,Int3,80.18,22540.34932,FCCP,1244_plate_2_B11,IRF,46.81
93,plate_2,1244,1244_plate_2,B11,9,Int3,77.64,22540.34932,FCCP,1244_plate_2_B11,IRF,53.3
94,plate_2,1244,1244_plate_2,B11,10,Int4,21.16,22540.34932,ROTENONE,1244_plate_2_B11,IRF,59.87
95,plate_2,1244,1244_plate_2,B11,11,Int4,22.05,22540.34932,ROTENONE,1244_plate_2_B11,IRF,66.34
96,plate_2,1244,1244_plate_2,B11,12,Int4,21.97,22540.34932,ROTENONE,1244_plate_2_B11,IRF,72.8
97,plate_2,5400,5400_plate_2,C2,1,Int1,72.68,27452.10367,Initial,5400_plate_2_C2,HC,1.31
98,plate_2,5400,5400_plate_2,C2,2,Int1,69.22,27452.10367,Initial,5400_plate_2_C2,HC,7.82
99,plate_2,5400,5400_plate_2,C2,3,Int1,68.96,27452.10367,Initial,5400_plate_2_C2,HC,14.29
100,plate_2,5400,5400_plate_2,C2,4,Int2,33.97,27452.10367,OLIGOMYCIN,5400_plate_2_C2,HC,20.84
101,plate_2,5400,5400_plate_2,C2,5,Int2,32.72,27452.10367,OLIGOMYCIN,5400_plate_2_C2,HC,27.31
102,plate_2,5400,5400_plate_2,C2,6,Int2,32.11,27452.10367,OLIGOMYCIN,5400_plate_2_C2,HC,33.78
103,plate_2,5400,5400_plate_2,C2,7,Int3,66.47,27452.10367,FCCP,5400_plate_2_C2,HC,40.32
104,plate_2,5400,5400_plate_2,C2,8,Int3,77.55,27452.10367,FCCP,5400_plate_2_C2,HC,46.81
105,plate_2,5400,5400_plate_2,C2,9,Int3,86.38,27452.10367,FCCP,5400_plate_2_C2,HC,53.3
106,plate_2,5400,5400_plate_2,C2,10,Int4,23.69,27452.10367,ROTENONE,5400_plate_2_C2,HC,59.87
107,plate_2,5400,5400_plate_2,C2,11,Int4,23.88,27452.10367,ROTENONE,5400_plate_2_C2,HC,66.34
108,plate_2,5400,5400_plate_2,C2,12,Int4,23.27,27452.10367,ROTENONE,5400_plate_2_C2,HC,72.8
109,plate_2,AV,AV_plate_2,C4,1,Int1,116.68,41982.943,Initial,AV_plate_2_C4,HC,1.31
110,plate_2,AV,AV_plate_2,C4,2,Int1,110.97,41982.943,Initial,AV_plate_2_C4,HC,7.82
111,plate_2,AV,AV_plate_2,C4,3,Int1,108.69,41982.943,Initial,AV_plate_2_C4,HC,14.29
112,plate_2,AV,AV_plate_2,C4,4,Int2,63.54,41982.943,OLIGOMYCIN,AV_plate_2_C4,HC,20.84
113,plate_2,AV,AV_plate_2,C4,5,Int2,62.79,41982.943,OLIGOMYCIN,AV_plate_2_C4,HC,27.31
114,plate_2,AV,AV_plate_2,C4,6,Int2,62.29,41982.943,OLIGOMYCIN,AV_plate_2_C4,HC,33.78
115,plate_2,AV,AV_plate_2,C4,7,Int3,104.32,41982.943,FCCP,AV_plate_2_C4,HC,40.32
116,plate_2,AV,AV_plate_2,C4,8,Int3,106.79,41982.943,FCCP,AV_plate_2_C4,HC,46.81
117,plate_2,AV,AV_plate_2,C4,9,Int3,113.17,41982.943,FCCP,AV_plate_2_C4,HC,53.3
118,plate_2,AV,AV_plate_2,C4,10,Int4,41.38,41982.943,ROTENONE,AV_plate_2_C4,HC,59.87
119,plate_2,AV,AV_plate_2,C4,11,Int4,40.41,41982.943,ROTENONE,AV_plate_2_C4,HC,66.34
120,plate_2,AV,AV_plate_2,C4,12,Int4,39.02,41982.943,ROTENONE,AV_plate_2_C4,HC,72.8
121,plate_2,MNGIE,MNGIE_plate_2,C5,1,Int1,67.29,36567.39033,Initial,MNGIE_plate_2_C5,HC,1.31
122,plate_2,MNGIE,MNGIE_plate_2,C5,2,Int1,65.69,36567.39033,Initial,MNGIE_plate_2_C5,HC,7.82
123,plate_2,MNGIE,MNGIE_plate_2,C5,3,Int1,63.64,36567.39033,Initial,MNGIE_plate_2_C5,HC,14.29
124,plate_2,MNGIE,MNGIE_plate_2,C5,4,Int2,47.79,36567.39033,OLIGOMYCIN,MNGIE_plate_2_C5,HC,20.84
125,plate_2,MNGIE,MNGIE_plate_2,C5,5,Int2,47.49,36567.39033,OLIGOMYCIN,MNGIE_plate_2_C5,HC,27.31
126,plate_2,MNGIE,MNGIE_plate_2,C5,6,Int2,46.27,36567.39033,OLIGOMYCIN,MNGIE_plate_2_C5,HC,33.78
127,plate_2,MNGIE,MNGIE_plate_2,C5,7,Int3,65.71,36567.39033,FCCP,MNGIE_plate_2_C5,HC,40.32
128,plate_2,MNGIE,MNGIE_plate_2,C5,8,Int3,66.14,36567.39033,FCCP,MNGIE_plate_2_C5,HC,46.81
129,plate_2,MNGIE,MNGIE_plate_2,C5,9,Int3,65.99,36567.39033,FCCP,MNGIE_plate_2_C5,HC,53.3
130,plate_2,MNGIE,MNGIE_plate_2,C5,10,Int4,29.71,36567.39033,ROTENONE,MNGIE_plate_2_C5,HC,59.87
131,plate_2,MNGIE,MNGIE_plate_2,C5,11,Int4,29.32,36567.39033,ROTENONE,MNGIE_plate_2_C5,HC,66.34
132,plate_2,MNGIE,MNGIE_plate_2,C5,12,Int4,29.1,36567.39033,ROTENONE,MNGIE_plate_2_C5,HC,72.8
133,plate_2,498,498_plate_2,C6,1,Int1,140.1,35655.86167,Initial,498_plate_2_C6,HC,1.31
134,plate_2,498,498_plate_2,C6,2,Int1,133.52,35655.86167,Initial,498_plate_2_C6,HC,7.82
135,plate_2,498,498_plate_2,C6,3,Int1,131.66,35655.86167,Initial,498_plate_2_C6,HC,14.29
136,plate_2,498,498_plate_2,C6,4,Int2,130.62,35655.86167,OLIGOMYCIN,498_plate_2_C6,HC,20.84
137,plate_2,498,498_plate_2,C6,5,Int2,129.67,35655.86167,OLIGOMYCIN,498_plate_2_C6,HC,27.31
138,plate_2,498,498_plate_2,C6,6,Int2,129.65,35655.86167,OLIGOMYCIN,498_plate_2_C6,HC,33.78
139,plate_2,498,498_plate_2,C6,7,Int3,169.92,35655.86167,FCCP,498_plate_2_C6,HC,40.32
140,plate_2,498,498_plate_2,C6,8,Int3,171.29,35655.86167,FCCP,498_plate_2_C6,HC,46.81
141,plate_2,498,498_plate_2,C6,9,Int3,171.22,35655.86167,FCCP,498_plate_2_C6,HC,53.3
142,plate_2,498,498_plate_2,C6,10,Int4,52.03,35655.86167,ROTENONE,498_plate_2_C6,HC,59.87
143,plate_2,498,498_plate_2,C6,11,Int4,53.72,35655.86167,ROTENONE,498_plate_2_C6,HC,66.34
144,plate_2,498,498_plate_2,C6,12,Int4,52.15,35655.86167,ROTENONE,498_plate_2_C6,HC,72.8
145,plate_2,1235,1235_plate_2,C7,1,Int1,74.95,26969.52967,Initial,1235_plate_2_C7,HC,1.31
146,plate_2,1235,1235_plate_2,C7,2,Int1,73.42,26969.52967,Initial,1235_plate_2_C7,HC,7.82
147,plate_2,1235,1235_plate_2,C7,3,Int1,72.16,26969.52967,Initial,1235_plate_2_C7,HC,14.29
148,plate_2,1235,1235_plate_2,C7,4,Int2,72.14,26969.52967,OLIGOMYCIN,1235_plate_2_C7,HC,20.84
149,plate_2,1235,1235_plate_2,C7,5,Int2,71.66,26969.52967,OLIGOMYCIN,1235_plate_2_C7,HC,27.31
150,plate_2,1235,1235_plate_2,C7,6,Int2,71.73,26969.52967,OLIGOMYCIN,1235_plate_2_C7,HC,33.78
151,plate_2,1235,1235_plate_2,C7,7,Int3,105.33,26969.52967,FCCP,1235_plate_2_C7,HC,40.32
152,plate_2,1235,1235_plate_2,C7,8,Int3,108.7,26969.52967,FCCP,1235_plate_2_C7,HC,46.81
153,plate_2,1235,1235_plate_2,C7,9,Int3,112.88,26969.52967,FCCP,1235_plate_2_C7,HC,53.3
154,plate_2,1235,1235_plate_2,C7,10,Int4,26.7,26969.52967,ROTENONE,1235_plate_2_C7,HC,59.87
155,plate_2,1235,1235_plate_2,C7,11,Int4,26.25,26969.52967,ROTENONE,1235_plate_2_C7,HC,66.34
156,plate_2,1235,1235_plate_2,C7,12,Int4,26.39,26969.52967,ROTENONE,1235_plate_2_C7,HC,72.8
157,plate_2,498_galactose,498_galactose_plate_2,C8,1,Int1,143.51,40293.934,Initial,498_galactose_plate_2,PC2,1.31
158,plate_2,498_galactose,498_galactose_plate_2,C8,2,Int1,138.81,40293.934,Initial,498_galactose_plate_2_C8,PC2,7.82
159,plate_2,498_galactose,498_galactose_plate_2,C8,3,Int1,136.73,40293.934,Initial,498_galactose_plate_2_C8,PC2,14.29
160,plate_2,498_galactose,498_galactose_plate_2,C8,4,Int2,135.04,40293.934,OLIGOMYCIN,498_galactose_plate_2_C8,PC2,20.84
161,plate_2,498_galactose,498_galactose_plate_2,C8,5,Int2,134.29,40293.934,OLIGOMYCIN,498_galactose_plate_2_C8,PC2,27.31
162,plate_2,498_galactose,498_galactose_plate_2,C8,6,Int2,134.32,40293.934,OLIGOMYCIN,498_galactose_plate_2_C8,PC2,33.78
163,plate_2,498_galactose,498_galactose_plate_2,C8,7,Int3,174.94,40293.934,FCCP,498_galactose_plate_2_C8,PC2,40.32
164,plate_2,498_galactose,498_galactose_plate_2,C8,8,Int3,178.17,40293.934,FCCP,498_galactose_plate_2_C8,PC2,46.81
165,plate_2,498_galactose,498_galactose_plate_2,C8,9,Int3,176.52,40293.934,FCCP,498_galactose_plate_2_C8,PC2,53.3
166,plate_2,498_galactose,498_galactose_plate_2,C8,10,Int4,54.02,40293.934,ROTENONE,498_galactose_plate_2_C8,PC2,59.87
167,plate_2,498_galactose,498_galactose_plate_2,C8,11,Int4,54.94,40293.934,ROTENONE,498_galactose_plate_2_C8,PC2,66.34
168,plate_2,498_galactose,498_galactose_plate_2,C8,12,Int4,54.6,40293.934,ROTENONE,498_galactose_plate_2_C8,PC2,72.8
169,plate_2,498_mitoQ,498_mitoQ_plate_2,C9,1,Int1,71.89,41205.46267,Initial,498_mitoQ_plate_2_C9,PC2,1.31
170,plate_2,498_mitoQ,498_mitoQ_plate_2,C9,2,Int1,68.03,41205.46267,Initial,498_mitoQ_plate_2_C9,PC2,7.82
171,plate_2,498_mitoQ,498_mitoQ_plate_2,C9,3,Int1,67.22,41205.46267,Initial,498_mitoQ_plate_2_C9,PC2,14.29
172,plate_2,498_mitoQ,498_mitoQ_plate_2,C9,4,Int2,65.97,41205.46267,OLIGOMYCIN,498_mitoQ_plate_2_C9,PC2,20.84
173,plate_2,498_mitoQ,498_mitoQ_plate_2,C9,5,Int2,65.54,41205.46267,OLIGOMYCIN,498_mitoQ_plate_2_C9,PC2,27.31
174,plate_2,498_mitoQ,498_mitoQ_plate_2,C9,6,Int2,66.04,41205.46267,OLIGOMYCIN,498_mitoQ_plate_2_C9,PC2,33.78
175,plate_2,498_mitoQ,498_mitoQ_plate_2,C9,7,Int3,51.84,41205.46267,FCCP,498_mitoQ_plate_2_C9,PC2,40.32
176,plate_2,498_mitoQ,498_mitoQ_plate_2,C9,8,Int3,39.11,41205.46267,FCCP,498_mitoQ_plate_2_C9,PC2,46.81
177,plate_2,498_mitoQ,498_mitoQ_plate_2,C9,9,Int3,36.57,41205.46267,FCCP,498_mitoQ_plate_2_C9,PC2,53.3
178,plate_2,498_mitoQ,498_mitoQ_plate_2,C9,10,Int4,31.71,41205.46267,ROTENONE,498_mitoQ_plate_2_C9,PC2,59.87
179,plate_2,498_mitoQ,498_mitoQ_plate_2,C9,11,Int4,31.1,41205.46267,ROTENONE,498_mitoQ_plate_2_C9,PC2,66.34
180,plate_2,498_mitoQ,498_mitoQ_plate_2,C9,12,Int4,31.81,41205.46267,ROTENONE,498_mitoQ_plate_2_C9,PC2,72.8
181,plate_2,38,38_plate_2,C10,1,Int1,81.73,29382.39967,Initial,38_plate_2_C10,PC2,1.31
182,plate_2,38,38_plate_2,C10,2,Int1,77.39,29382.39967,Initial,38_plate_2_C10,PC2,7.82
183,plate_2,38,38_plate_2,C10,3,Int1,76.55,29382.39967,Initial,38_plate_2_C10,PC2,14.29
184,plate_2,38,38_plate_2,C10,4,Int2,75.58,29382.39967,OLIGOMYCIN,38_plate_2_C10,PC2,20.84
185,plate_2,38,38_plate_2,C10,5,Int2,74.97,29382.39967,OLIGOMYCIN,38_plate_2_C10,PC2,27.31
186,plate_2,38,38_plate_2,C10,6,Int2,74.91,29382.39967,OLIGOMYCIN,38_plate_2_C10,PC2,33.78
187,plate_2,38,38_plate_2,C10,7,Int3,103.81,29382.39967,FCCP,38_plate_2_C10,PC2,40.32
188,plate_2,38,38_plate_2,C10,8,Int3,98.75,29382.39967,FCCP,38_plate_2_C10,PC2,46.81
189,plate_2,38,38_plate_2,C10,9,Int3,98.09,29382.39967,FCCP,38_plate_2_C10,PC2,53.3
190,plate_2,38,38_plate_2,C10,10,Int4,23.71,29382.39967,ROTENONE,38_plate_2_C10,PC2,59.87
191,plate_2,38,38_plate_2,C10,11,Int4,24.39,29382.39967,ROTENONE,38_plate_2_C10,PC2,66.34
192,plate_2,38,38_plate_2,C10,12,Int4,23.79,29382.39967,ROTENONE,38_plate_2_C10,PC2,72.8
193,plate_2,1244,1244_plate_2,C11,1,Int1,76.49,27344.865,Initial,1244_plate_2_C11,PC2,1.31
194,plate_2,1244,1244_plate_2,C11,2,Int1,71.15,27344.865,Initial,1244_plate_2_C11,PC2,7.82
195,plate_2,1244,1244_plate_2,C11,3,Int1,68.7,27344.865,Initial,1244_plate_2_C11,PC2,14.29
196,plate_2,1244,1244_plate_2,C11,4,Int2,67.7,27344.865,OLIGOMYCIN,1244_plate_2_C11,PC2,20.84
197,plate_2,1244,1244_plate_2,C11,5,Int2,66.83,27344.865,OLIGOMYCIN,1244_plate_2_C11,PC2,27.31
198,plate_2,1244,1244_plate_2,C11,6,Int2,66.47,27344.865,OLIGOMYCIN,1244_plate_2_C11,PC2,33.78
199,plate_2,1244,1244_plate_2,C11,7,Int3,82.08,27344.865,FCCP,1244_plate_2_C11,PC2,40.32
200,plate_2,1244,1244_plate_2,C11,8,Int3,67.53,27344.865,FCCP,1244_plate_2_C11,PC2,46.81
201,plate_2,1244,1244_plate_2,C11,9,Int3,45.11,27344.865,FCCP,1244_plate_2_C11,PC2,53.3
202,plate_2,1244,1244_plate_2,C11,10,Int4,22.18,27344.865,ROTENONE,1244_plate_2_C11,PC2,59.87
203,plate_2,1244,1244_plate_2,C11,11,Int4,22.34,27344.865,ROTENONE,1244_plate_2_C11,PC2,66.34
204,plate_2,1244,1244_plate_2,C11,12,Int4,22.21,27344.865,ROTENONE,1244_plate_2_C11,PC2,72.8
205,plate_2,5400,5400_plate_2,D2,1,Int1,76.43,29543.25767,Initial,5400_plate_2_D2,PC2,1.31
206,plate_2,5400,5400_plate_2,D2,2,Int1,71.74,29543.25767,Initial,5400_plate_2_D2,PC2,7.82
207,plate_2,5400,5400_plate_2,D2,3,Int1,69.92,29543.25767,Initial,5400_plate_2_D2,PC2,14.29
208,plate_2,5400,5400_plate_2,D2,4,Int2,35.45,29543.25767,OLIGOMYCIN,5400_plate_2_D2,PC2,20.84
209,plate_2,5400,5400_plate_2,D2,5,Int2,34.44,29543.25767,OLIGOMYCIN,5400_plate_2_D2,PC2,27.31
210,plate_2,5400,5400_plate_2,D2,6,Int2,33.79,29543.25767,OLIGOMYCIN,5400_plate_2_D2,PC2,33.78
211,plate_2,5400,5400_plate_2,D2,7,Int3,61.21,29543.25767,FCCP,5400_plate_2_D2,PC2,40.32
212,plate_2,5400,5400_plate_2,D2,8,Int3,71.1,29543.25767,FCCP,5400_plate_2_D2,PC2,46.81
213,plate_2,5400,5400_plate_2,D2,9,Int3,77.55,29543.25767,FCCP,5400_plate_2_D2,PC2,53.3
214,plate_2,5400,5400_plate_2,D2,10,Int4,24.32,29543.25767,ROTENONE,5400_plate_2_D2,PC2,59.87
215,plate_2,5400,5400_plate_2,D2,11,Int4,24.61,29543.25767,ROTENONE,5400_plate_2_D2,PC2,66.34
216,plate_2,5400,5400_plate_2,D2,12,Int4,23.8,29543.25767,ROTENONE,5400_plate_2_D2,PC2,72.8
217,plate_2,AV,AV_plate_2,D4,1,Int1,110.73,45414.58033,Initial,AV_plate_2_D4,PC2,1.31
218,plate_2,AV,AV_plate_2,D4,2,Int1,105.42,45414.58033,Initial,AV_plate_2_D4,PC2,7.82
219,plate_2,AV,AV_plate_2,D4,3,Int1,103.59,45414.58033,Initial,AV_plate_2_D4,PC2,14.29
220,plate_2,AV,AV_plate_2,D4,4,Int2,103.21,45414.58033,OLIGOMYCIN,AV_plate_2_D4,PC2,20.84
221,plate_2,AV,AV_plate_2,D4,5,Int2,101.75,45414.58033,OLIGOMYCIN,AV_plate_2_D4,PC2,27.31
222,plate_2,AV,AV_plate_2,D4,6,Int2,102.09,45414.58033,OLIGOMYCIN,AV_plate_2_D4,PC2,33.78
223,plate_2,AV,AV_plate_2,D4,7,Int3,125.45,45414.58033,FCCP,AV_plate_2_D4,PC2,40.32
224,plate_2,AV,AV_plate_2,D4,8,Int3,125.61,45414.58033,FCCP,AV_plate_2_D4,PC2,46.81
225,plate_2,AV,AV_plate_2,D4,9,Int3,126.34,45414.58033,FCCP,AV_plate_2_D4,PC2,53.3
226,plate_2,AV,AV_plate_2,D4,10,Int4,43.81,45414.58033,ROTENONE,AV_plate_2_D4,PC2,59.87
227,plate_2,AV,AV_plate_2,D4,11,Int4,44.03,45414.58033,ROTENONE,AV_plate_2_D4,PC2,66.34
228,plate_2,AV,AV_plate_2,D4,12,Int4,41.52,45414.58033,ROTENONE,AV_plate_2_D4,PC2,72.8
229,plate_2,MNGIE,MNGIE_plate_2,D5,1,Int1,65.01,49007.07567,Initial,MNGIE_plate_2_D5,HC,1.31
230,plate_2,MNGIE,MNGIE_plate_2,D5,2,Int1,62.64,49007.07567,Initial,MNGIE_plate_2_D5,HC,7.82
231,plate_2,MNGIE,MNGIE_plate_2,D5,3,Int1,62,49007.07567,Initial,MNGIE_plate_2_D5,HC,14.29
232,plate_2,MNGIE,MNGIE_plate_2,D5,4,Int2,60.2,49007.07567,OLIGOMYCIN,MNGIE_plate_2_D5,HC,20.84
233,plate_2,MNGIE,MNGIE_plate_2,D5,5,Int2,59.79,49007.07567,OLIGOMYCIN,MNGIE_plate_2_D5,HC,27.31
234,plate_2,MNGIE,MNGIE_plate_2,D5,6,Int2,60.08,49007.07567,OLIGOMYCIN,MNGIE_plate_2_D5,HC,33.78
235,plate_2,MNGIE,MNGIE_plate_2,D5,7,Int3,67.04,49007.07567,FCCP,MNGIE_plate_2_D5,HC,40.32
236,plate_2,MNGIE,MNGIE_plate_2,D5,8,Int3,65.43,49007.07567,FCCP,MNGIE_plate_2_D5,HC,46.81
237,plate_2,MNGIE,MNGIE_plate_2,D5,9,Int3,64.1,49007.07567,FCCP,MNGIE_plate_2_D5,HC,53.3
238,plate_2,MNGIE,MNGIE_plate_2,D5,10,Int4,28.78,49007.07567,ROTENONE,MNGIE_plate_2_D5,HC,59.87
239,plate_2,MNGIE,MNGIE_plate_2,D5,11,Int4,27.73,49007.07567,ROTENONE,MNGIE_plate_2_D5,HC,66.34
240,plate_2,MNGIE,MNGIE_plate_2,D5,12,Int4,28.12,49007.07567,ROTENONE,MNGIE_plate_2_D5,HC,72.8
241,plate_2,498,498_plate_2,D6,1,Int1,148.78,43216.18767,Initial,498_plate_2_D6,HC,1.31
242,plate_2,498,498_plate_2,D6,2,Int1,142.26,43216.18767,Initial,498_plate_2_D6,HC,7.82
243,plate_2,498,498_plate_2,D6,3,Int1,140.42,43216.18767,Initial,498_plate_2_D6,HC,14.29
244,plate_2,498,498_plate_2,D6,4,Int2,81.82,43216.18767,OLIGOMYCIN,498_plate_2_D6,HC,20.84
245,plate_2,498,498_plate_2,D6,5,Int2,81.26,43216.18767,OLIGOMYCIN,498_plate_2_D6,HC,27.31
246,plate_2,498,498_plate_2,D6,6,Int2,80.37,43216.18767,OLIGOMYCIN,498_plate_2_D6,HC,33.78
247,plate_2,498,498_plate_2,D6,7,Int3,162.23,43216.18767,FCCP,498_plate_2_D6,HC,40.32
248,plate_2,498,498_plate_2,D6,8,Int3,174.68,43216.18767,FCCP,498_plate_2_D6,HC,46.81
249,plate_2,498,498_plate_2,D6,9,Int3,182.05,43216.18767,FCCP,498_plate_2_D6,HC,53.3
250,plate_2,498,498_plate_2,D6,10,Int4,49.93,43216.18767,ROTENONE,498_plate_2_D6,HC,59.87
251,plate_2,498,498_plate_2,D6,11,Int4,51.59,43216.18767,ROTENONE,498_plate_2_D6,HC,66.34
252,plate_2,498,498_plate_2,D6,12,Int4,52.47,43216.18767,ROTENONE,498_plate_2_D6,HC,72.8
253,plate_2,1235,1235_plate_2,D7,1,Int1,75.92,30186.68967,Initial,1235_plate_2_D7,HC,1.31
254,plate_2,1235,1235_plate_2,D7,2,Int1,73.32,30186.68967,Initial,1235_plate_2_D7,HC,7.82
255,plate_2,1235,1235_plate_2,D7,3,Int1,73.25,30186.68967,Initial,1235_plate_2_D7,HC,14.29
256,plate_2,1235,1235_plate_2,D7,4,Int2,71.63,30186.68967,OLIGOMYCIN,1235_plate_2_D7,HC,20.84
257,plate_2,1235,1235_plate_2,D7,5,Int2,71.62,30186.68967,OLIGOMYCIN,1235_plate_2_D7,HC,27.31
258,plate_2,1235,1235_plate_2,D7,6,Int2,71.51,30186.68967,OLIGOMYCIN,1235_plate_2_D7,HC,33.78
259,plate_2,1235,1235_plate_2,D7,7,Int3,99.44,30186.68967,FCCP,1235_plate_2_D7,HC,40.32
260,plate_2,1235,1235_plate_2,D7,8,Int3,103.67,30186.68967,FCCP,1235_plate_2_D7,HC,46.81
261,plate_2,1235,1235_plate_2,D7,9,Int3,105.66,30186.68967,FCCP,1235_plate_2_D7,HC,53.3
262,plate_2,1235,1235_plate_2,D7,10,Int4,27.58,30186.68967,ROTENONE,1235_plate_2_D7,HC,59.87
263,plate_2,1235,1235_plate_2,D7,11,Int4,27.9,30186.68967,ROTENONE,1235_plate_2_D7,HC,66.34
264,plate_2,1235,1235_plate_2,D7,12,Int4,27.07,30186.68967,ROTENONE,1235_plate_2_D7,HC,72.8
265,plate_2,498_galactose,498_galactose_plate_2,D8,1,Int1,152.95,41419.94,Initial,498_galactose_plate_2_D8,HC,1.31
266,plate_2,498_galactose,498_galactose_plate_2,D8,2,Int1,145.45,41419.94,Initial,498_galactose_plate_2_D8,HC,7.82
267,plate_2,498_galactose,498_galactose_plate_2,D8,3,Int1,143.48,41419.94,Initial,498_galactose_plate_2_D8,HC,14.29
268,plate_2,498_galactose,498_galactose_plate_2,D8,4,Int2,85.22,41419.94,OLIGOMYCIN,498_galactose_plate_2_D8,HC,20.84
269,plate_2,498_galactose,498_galactose_plate_2,D8,5,Int2,84.8,41419.94,OLIGOMYCIN,498_galactose_plate_2_D8,HC,27.31
270,plate_2,498_galactose,498_galactose_plate_2,D8,6,Int2,84.14,41419.94,OLIGOMYCIN,498_galactose_plate_2_D8,HC,33.78
271,plate_2,498_galactose,498_galactose_plate_2,D8,7,Int3,154.08,41419.94,FCCP,498_galactose_plate_2_D8,HC,40.32
272,plate_2,498_galactose,498_galactose_plate_2,D8,8,Int3,159.76,41419.94,FCCP,498_galactose_plate_2_D8,HC,46.81
273,plate_2,498_galactose,498_galactose_plate_2,D8,9,Int3,169.73,41419.94,FCCP,498_galactose_plate_2_D8,HC,53.3
274,plate_2,498_galactose,498_galactose_plate_2,D8,10,Int4,54.26,41419.94,ROTENONE,498_galactose_plate_2_D8,HC,59.87
275,plate_2,498_galactose,498_galactose_plate_2,D8,11,Int4,55.1,41419.94,ROTENONE,498_galactose_plate_2_D8,HC,66.34
276,plate_2,498_galactose,498_galactose_plate_2,D8,12,Int4,54.49,41419.94,ROTENONE,498_galactose_plate_2_D8,HC,72.8
277,plate_2,498_mitoQ,498_mitoQ_plate_2,D9,1,Int1,78.7,39328.786,Initial,498_mitoQ_plate_2_D9,HC,1.31
278,plate_2,498_mitoQ,498_mitoQ_plate_2,D9,2,Int1,75.2,39328.786,Initial,498_mitoQ_plate_2_D9,HC,7.82
279,plate_2,498_mitoQ,498_mitoQ_plate_2,D9,3,Int1,74.25,39328.786,Initial,498_mitoQ_plate_2_D9,HC,14.29
280,plate_2,498_mitoQ,498_mitoQ_plate_2,D9,4,Int2,73.76,39328.786,OLIGOMYCIN,498_mitoQ_plate_2_D9,HC,20.84
281,plate_2,498_mitoQ,498_mitoQ_plate_2,D9,5,Int2,73.9,39328.786,OLIGOMYCIN,498_mitoQ_plate_2_D9,HC,27.31
282,plate_2,498_mitoQ,498_mitoQ_plate_2,D9,6,Int2,73.43,39328.786,OLIGOMYCIN,498_mitoQ_plate_2_D9,HC,33.78
283,plate_2,498_mitoQ,498_mitoQ_plate_2,D9,7,Int3,76.54,39328.786,FCCP,498_mitoQ_plate_2_D9,HC,40.32
284,plate_2,498_mitoQ,498_mitoQ_plate_2,D9,8,Int3,72.38,39328.786,FCCP,498_mitoQ_plate_2_D9,HC,46.81
285,plate_2,498_mitoQ,498_mitoQ_plate_2,D9,9,Int3,68.35,39328.786,FCCP,498_mitoQ_plate_2_D9,HC,53.3
286,plate_2,498_mitoQ,498_mitoQ_plate_2,D9,10,Int4,35.39,39328.786,ROTENONE,498_mitoQ_plate_2_D9,HC,59.87
287,plate_2,498_mitoQ,498_mitoQ_plate_2,D9,11,Int4,34.99,39328.786,ROTENONE,498_mitoQ_plate_2_D9,HC,66.34
288,plate_2,498_mitoQ,498_mitoQ_plate_2,D9,12,Int4,35.19,39328.786,ROTENONE,498_mitoQ_plate_2_D9,HC,72.8
289,plate_2,38,38_plate_2,D10,1,Int1,76.98,27639.77133,Initial,38_plate_2_D10,HC,1.31
290,plate_2,38,38_plate_2,D10,2,Int1,72.51,27639.77133,Initial,38_plate_2_D10,HC,7.82
291,plate_2,38,38_plate_2,D10,3,Int1,71.79,27639.77133,Initial,38_plate_2_D10,HC,14.29
292,plate_2,38,38_plate_2,D10,4,Int2,34.26,27639.77133,OLIGOMYCIN,38_plate_2_D10,HC,20.84
293,plate_2,38,38_plate_2,D10,5,Int2,32.32,27639.77133,OLIGOMYCIN,38_plate_2_D10,HC,27.31
294,plate_2,38,38_plate_2,D10,6,Int2,32,27639.77133,OLIGOMYCIN,38_plate_2_D10,HC,33.78
295,plate_2,38,38_plate_2,D10,7,Int3,74.61,27639.77133,FCCP,38_plate_2_D10,HC,40.32
296,plate_2,38,38_plate_2,D10,8,Int3,74.26,27639.77133,FCCP,38_plate_2_D10,HC,46.81
297,plate_2,38,38_plate_2,D10,9,Int3,79.08,27639.77133,FCCP,38_plate_2_D10,HC,53.3
298,plate_2,38,38_plate_2,D10,10,Int4,20.89,27639.77133,ROTENONE,38_plate_2_D10,HC,59.87
299,plate_2,38,38_plate_2,D10,11,Int4,20.01,27639.77133,ROTENONE,38_plate_2_D10,HC,66.34
300,plate_2,38,38_plate_2,D10,12,Int4,20.62,27639.77133,ROTENONE,38_plate_2_D10,HC,72.8
301,plate_2,1244,1244_plate_2,D11,1,Int1,70.2,28578.10967,Initial,1244_plate_2_D11,HC,1.31
302,plate_2,1244,1244_plate_2,D11,2,Int1,65.42,28578.10967,Initial,1244_plate_2_D11,HC,7.82
303,plate_2,1244,1244_plate_2,D11,3,Int1,63.6,28578.10967,Initial,1244_plate_2_D11,HC,14.29
304,plate_2,1244,1244_plate_2,D11,4,Int2,62.57,28578.10967,OLIGOMYCIN,1244_plate_2_D11,HC,20.84
305,plate_2,1244,1244_plate_2,D11,5,Int2,61.9,28578.10967,OLIGOMYCIN,1244_plate_2_D11,HC,27.31
306,plate_2,1244,1244_plate_2,D11,6,Int2,61.38,28578.10967,OLIGOMYCIN,1244_plate_2_D11,HC,33.78
307,plate_2,1244,1244_plate_2,D11,7,Int3,77.6,28578.10967,FCCP,1244_plate_2_D11,HC,40.32
308,plate_2,1244,1244_plate_2,D11,8,Int3,66.83,28578.10967,FCCP,1244_plate_2_D11,HC,46.81
309,plate_2,1244,1244_plate_2,D11,9,Int3,41.72,28578.10967,FCCP,1244_plate_2_D11,HC,53.3
310,plate_2,1244,1244_plate_2,D11,10,Int4,18.74,28578.10967,ROTENONE,1244_plate_2_D11,HC,59.87
311,plate_2,1244,1244_plate_2,D11,11,Int4,18.7,28578.10967,ROTENONE,1244_plate_2_D11,HC,66.34
312,plate_2,1244,1244_plate_2,D11,12,Int4,19.04,28578.10967,ROTENONE,1244_plate_2_D11,HC,72.8
313,plate_2,5400,5400_plate_2,E2,1,Int1,73.77,25521.80767,Initial,5400_plate_2_E2,HC,1.31
314,plate_2,5400,5400_plate_2,E2,2,Int1,69.52,25521.80767,Initial,5400_plate_2_E2,HC,7.82
315,plate_2,5400,5400_plate_2,E2,3,Int1,68.42,25521.80767,Initial,5400_plate_2_E2,HC,14.29
316,plate_2,5400,5400_plate_2,E2,4,Int2,34.42,25521.80767,OLIGOMYCIN,5400_plate_2_E2,HC,20.84
317,plate_2,5400,5400_plate_2,E2,5,Int2,32.97,25521.80767,OLIGOMYCIN,5400_plate_2_E2,HC,27.31
318,plate_2,5400,5400_plate_2,E2,6,Int2,32.53,25521.80767,OLIGOMYCIN,5400_plate_2_E2,HC,33.78
319,plate_2,5400,5400_plate_2,E2,7,Int3,62.48,25521.80767,FCCP,5400_plate_2_E2,HC,40.32
320,plate_2,5400,5400_plate_2,E2,8,Int3,68.16,25521.80767,FCCP,5400_plate_2_E2,HC,46.81
321,plate_2,5400,5400_plate_2,E2,9,Int3,71.39,25521.80767,FCCP,5400_plate_2_E2,HC,53.3
322,plate_2,5400,5400_plate_2,E2,10,Int4,23.77,25521.80767,ROTENONE,5400_plate_2_E2,HC,59.87
323,plate_2,5400,5400_plate_2,E2,11,Int4,23.22,25521.80767,ROTENONE,5400_plate_2_E2,HC,66.34
324,plate_2,5400,5400_plate_2,E2,12,Int4,22.77,25521.80767,ROTENONE,5400_plate_2_E2,HC,72.8
325,plate_2,AV,AV_plate_2,E4,1,Int1,113.48,40722.88867,Initial,AV_plate_2_E4,PC1,1.31
326,plate_2,AV,AV_plate_2,E4,2,Int1,107.99,40722.88867,Initial,AV_plate_2_E4,PC1,7.82
327,plate_2,AV,AV_plate_2,E4,3,Int1,106.06,40722.88867,Initial,AV_plate_2_E4,PC1,14.29
328,plate_2,AV,AV_plate_2,E4,4,Int2,104.72,40722.88867,OLIGOMYCIN,AV_plate_2_E4,PC1,20.84
329,plate_2,AV,AV_plate_2,E4,5,Int2,103.82,40722.88867,OLIGOMYCIN,AV_plate_2_E4,PC1,27.31
330,plate_2,AV,AV_plate_2,E4,6,Int2,104.08,40722.88867,OLIGOMYCIN,AV_plate_2_E4,PC1,33.78
331,plate_2,AV,AV_plate_2,E4,7,Int3,133.29,40722.88867,FCCP,AV_plate_2_E4,PC1,40.32
332,plate_2,AV,AV_plate_2,E4,8,Int3,132.21,40722.88867,FCCP,AV_plate_2_E4,PC1,46.81
333,plate_2,AV,AV_plate_2,E4,9,Int3,131.05,40722.88867,FCCP,AV_plate_2_E4,PC1,53.3
334,plate_2,AV,AV_plate_2,E4,10,Int4,41.75,40722.88867,ROTENONE,AV_plate_2_E4,PC1,59.87
335,plate_2,AV,AV_plate_2,E4,11,Int4,41.63,40722.88867,ROTENONE,AV_plate_2_E4,PC1,66.34
336,plate_2,AV,AV_plate_2,E4,12,Int4,40.19,40722.88867,ROTENONE,AV_plate_2_E4,PC1,72.8
337,plate_2,MNGIE,MNGIE_plate_2,E5,1,Int1,60.24,38497.68633,Initial,MNGIE_plate_2_E5,PC1,1.31
338,plate_2,MNGIE,MNGIE_plate_2,E5,2,Int1,57.93,38497.68633,Initial,MNGIE_plate_2_E5,PC1,7.82
339,plate_2,MNGIE,MNGIE_plate_2,E5,3,Int1,57.12,38497.68633,Initial,MNGIE_plate_2_E5,PC1,14.29
340,plate_2,MNGIE,MNGIE_plate_2,E5,4,Int2,54.41,38497.68633,OLIGOMYCIN,MNGIE_plate_2_E5,PC1,20.84
341,plate_2,MNGIE,MNGIE_plate_2,E5,5,Int2,54.98,38497.68633,OLIGOMYCIN,MNGIE_plate_2_E5,PC1,27.31
342,plate_2,MNGIE,MNGIE_plate_2,E5,6,Int2,55.19,38497.68633,OLIGOMYCIN,MNGIE_plate_2_E5,PC1,33.78
343,plate_2,MNGIE,MNGIE_plate_2,E5,7,Int3,61.02,38497.68633,FCCP,MNGIE_plate_2_E5,PC1,40.32
344,plate_2,MNGIE,MNGIE_plate_2,E5,8,Int3,58.08,38497.68633,FCCP,MNGIE_plate_2_E5,PC1,46.81
345,plate_2,MNGIE,MNGIE_plate_2,E5,9,Int3,55.67,38497.68633,FCCP,MNGIE_plate_2_E5,PC1,53.3
346,plate_2,MNGIE,MNGIE_plate_2,E5,10,Int4,25.22,38497.68633,ROTENONE,MNGIE_plate_2_E5,PC1,59.87
347,plate_2,MNGIE,MNGIE_plate_2,E5,11,Int4,24.81,38497.68633,ROTENONE,MNGIE_plate_2_E5,PC1,66.34
348,plate_2,MNGIE,MNGIE_plate_2,E5,12,Int4,24.73,38497.68633,ROTENONE,MNGIE_plate_2_E5,PC1,72.8
349,plate_2,498,498_plate_2,E6,1,Int1,151.42,41312.70133,Initial,498_plate_2_E6,PC1,1.31
350,plate_2,498,498_plate_2,E6,2,Int1,145.48,41312.70133,Initial,498_plate_2_E6,PC1,7.82
351,plate_2,498,498_plate_2,E6,3,Int1,142.73,41312.70133,Initial,498_plate_2_E6,PC1,14.29
352,plate_2,498,498_plate_2,E6,4,Int2,84.97,41312.70133,OLIGOMYCIN,498_plate_2_E6,PC1,20.84
353,plate_2,498,498_plate_2,E6,5,Int2,84.39,41312.70133,OLIGOMYCIN,498_plate_2_E6,PC1,27.31
354,plate_2,498,498_plate_2,E6,6,Int2,83.9,41312.70133,OLIGOMYCIN,498_plate_2_E6,PC1,33.78
355,plate_2,498,498_plate_2,E6,7,Int3,175.63,41312.70133,FCCP,498_plate_2_E6,PC1,40.32
356,plate_2,498,498_plate_2,E6,8,Int3,181.43,41312.70133,FCCP,498_plate_2_E6,PC1,46.81
357,plate_2,498,498_plate_2,E6,9,Int3,186.22,41312.70133,FCCP,498_plate_2_E6,PC1,53.3
358,plate_2,498,498_plate_2,E6,10,Int4,51.66,41312.70133,ROTENONE,498_plate_2_E6,PC1,59.87
359,plate_2,498,498_plate_2,E6,11,Int4,54.04,41312.70133,ROTENONE,498_plate_2_E6,PC1,66.34
360,plate_2,498,498_plate_2,E6,12,Int4,53.8,41312.70133,ROTENONE,498_plate_2_E6,PC1,72.8
361,plate_2,1235,1235_plate_2,E7,1,Int1,75.5,33886.42367,Initial,1235_plate_2_E7,PC1,1.31
362,plate_2,1235,1235_plate_2,E7,2,Int1,73.02,33886.42367,Initial,1235_plate_2_E7,PC1,7.82
363,plate_2,1235,1235_plate_2,E7,3,Int1,72.65,33886.42367,Initial,1235_plate_2_E7,PC1,14.29
364,plate_2,1235,1235_plate_2,E7,4,Int2,71.89,33886.42367,OLIGOMYCIN,1235_plate_2_E7,PC1,20.84
365,plate_2,1235,1235_plate_2,E7,5,Int2,72.17,33886.42367,OLIGOMYCIN,1235_plate_2_E7,PC1,27.31
366,plate_2,1235,1235_plate_2,E7,6,Int2,71.82,33886.42367,OLIGOMYCIN,1235_plate_2_E7,PC1,33.78
367,plate_2,1235,1235_plate_2,E7,7,Int3,103.58,33886.42367,FCCP,1235_plate_2_E7,PC1,40.32
368,plate_2,1235,1235_plate_2,E7,8,Int3,106.25,33886.42367,FCCP,1235_plate_2_E7,PC1,46.81
369,plate_2,1235,1235_plate_2,E7,9,Int3,106.66,33886.42367,FCCP,1235_plate_2_E7,PC1,53.3
370,plate_2,1235,1235_plate_2,E7,10,Int4,26.62,33886.42367,ROTENONE,1235_plate_2_E7,PC1,59.87
371,plate_2,1235,1235_plate_2,E7,11,Int4,27.83,33886.42367,ROTENONE,1235_plate_2_E7,PC1,66.34
372,plate_2,1235,1235_plate_2,E7,12,Int4,27.45,33886.42367,ROTENONE,1235_plate_2_E7,PC1,72.8
373,plate_2,498_galactose,498_galactose_plate_2,E8,1,Int1,147.59,40910.55633,Initial,498_galactose_plate_2_E8,NC1,1.31
374,plate_2,498_galactose,498_galactose_plate_2,E8,2,Int1,142.58,40910.55633,Initial,498_galactose_plate_2_E8,NC1,7.82
375,plate_2,498_galactose,498_galactose_plate_2,E8,3,Int1,140.53,40910.55633,Initial,498_galactose_plate_2_E8,NC1,14.29
376,plate_2,498_galactose,498_galactose_plate_2,E8,4,Int2,82.29,40910.55633,OLIGOMYCIN,498_galactose_plate_2_E8,NC1,20.84
377,plate_2,498_galactose,498_galactose_plate_2,E8,5,Int2,82.9,40910.55633,OLIGOMYCIN,498_galactose_plate_2_E8,NC1,27.31
378,plate_2,498_galactose,498_galactose_plate_2,E8,6,Int2,81.35,40910.55633,OLIGOMYCIN,498_galactose_plate_2_E8,NC1,33.78
379,plate_2,498_galactose,498_galactose_plate_2,E8,7,Int3,155.19,40910.55633,FCCP,498_galactose_plate_2_E8,NC1,40.32
380,plate_2,498_galactose,498_galactose_plate_2,E8,8,Int3,159.19,40910.55633,FCCP,498_galactose_plate_2_E8,NC1,46.81
381,plate_2,498_galactose,498_galactose_plate_2,E8,9,Int3,161.31,40910.55633,FCCP,498_galactose_plate_2_E8,NC1,53.3
382,plate_2,498_galactose,498_galactose_plate_2,E8,10,Int4,54.99,40910.55633,ROTENONE,498_galactose_plate_2_E8,NC1,59.87
383,plate_2,498_galactose,498_galactose_plate_2,E8,11,Int4,56.85,40910.55633,ROTENONE,498_galactose_plate_2_E8,NC1,66.34
384,plate_2,498_galactose,498_galactose_plate_2,E8,12,Int4,55.43,40910.55633,ROTENONE,498_galactose_plate_2_E8,NC1,72.8
385,plate_2,498_mitoQ,498_mitoQ_plate_2,E9,1,Int1,71.5,39704.12133,Initial,498_mitoQ_plate_2_E9,NC1,1.31
386,plate_2,498_mitoQ,498_mitoQ_plate_2,E9,2,Int1,68.77,39704.12133,Initial,498_mitoQ_plate_2_E9,NC1,7.82
387,plate_2,498_mitoQ,498_mitoQ_plate_2,E9,3,Int1,68.52,39704.12133,Initial,498_mitoQ_plate_2_E9,NC1,14.29
388,plate_2,498_mitoQ,498_mitoQ_plate_2,E9,4,Int2,52.69,39704.12133,OLIGOMYCIN,498_mitoQ_plate_2_E9,NC1,20.84
389,plate_2,498_mitoQ,498_mitoQ_plate_2,E9,5,Int2,51.57,39704.12133,OLIGOMYCIN,498_mitoQ_plate_2_E9,NC1,27.31
390,plate_2,498_mitoQ,498_mitoQ_plate_2,E9,6,Int2,50.28,39704.12133,OLIGOMYCIN,498_mitoQ_plate_2_E9,NC1,33.78
391,plate_2,498_mitoQ,498_mitoQ_plate_2,E9,7,Int3,66.89,39704.12133,FCCP,498_mitoQ_plate_2_E9,NC1,40.32
392,plate_2,498_mitoQ,498_mitoQ_plate_2,E9,8,Int3,64.66,39704.12133,FCCP,498_mitoQ_plate_2_E9,NC1,46.81
393,plate_2,498_mitoQ,498_mitoQ_plate_2,E9,9,Int3,62.84,39704.12133,FCCP,498_mitoQ_plate_2_E9,NC1,53.3
394,plate_2,498_mitoQ,498_mitoQ_plate_2,E9,10,Int4,28.22,39704.12133,ROTENONE,498_mitoQ_plate_2_E9,NC1,59.87
395,plate_2,498_mitoQ,498_mitoQ_plate_2,E9,11,Int4,29.57,39704.12133,ROTENONE,498_mitoQ_plate_2_E9,NC1,66.34
396,plate_2,498_mitoQ,498_mitoQ_plate_2,E9,12,Int4,28.33,39704.12133,ROTENONE,498_mitoQ_plate_2_E9,NC1,72.8
397,plate_2,38,38_plate_2,E10,1,Int1,79.12,32224.22433,Initial,38_plate_2_E10,NC1,1.31
398,plate_2,38,38_plate_2,E10,2,Int1,71.98,32224.22433,Initial,38_plate_2_E10,NC1,7.82
399,plate_2,38,38_plate_2,E10,3,Int1,71.47,32224.22433,Initial,38_plate_2_E10,NC1,14.29
400,plate_2,38,38_plate_2,E10,4,Int2,68.05,32224.22433,OLIGOMYCIN,38_plate_2_E10,NC1,20.84
401,plate_2,38,38_plate_2,E10,5,Int2,69.25,32224.22433,OLIGOMYCIN,38_plate_2_E10,NC1,27.31
402,plate_2,38,38_plate_2,E10,6,Int2,69.46,32224.22433,OLIGOMYCIN,38_plate_2_E10,NC1,33.78
403,plate_2,38,38_plate_2,E10,7,Int3,90.98,32224.22433,FCCP,38_plate_2_E10,NC1,40.32
404,plate_2,38,38_plate_2,E10,8,Int3,95.23,32224.22433,FCCP,38_plate_2_E10,NC1,46.81
405,plate_2,38,38_plate_2,E10,9,Int3,96.44,32224.22433,FCCP,38_plate_2_E10,NC1,53.3
406,plate_2,38,38_plate_2,E10,10,Int4,19.38,32224.22433,ROTENONE,38_plate_2_E10,NC1,59.87
407,plate_2,38,38_plate_2,E10,11,Int4,19.12,32224.22433,ROTENONE,38_plate_2_E10,NC1,66.34
408,plate_2,38,38_plate_2,E10,12,Int4,18.63,32224.22433,ROTENONE,38_plate_2_E10,NC1,72.8
409,plate_2,1244,1244_plate_2,E11,1,Int1,65.02,26540.575,Initial,1244_plate_2_E11,IRF,1.31
410,plate_2,1244,1244_plate_2,E11,2,Int1,60.83,26540.575,Initial,1244_plate_2_E11,IRF,7.82
411,plate_2,1244,1244_plate_2,E11,3,Int1,60.2,26540.575,Initial,1244_plate_2_E11,IRF,14.29
412,plate_2,1244,1244_plate_2,E11,4,Int2,30.82,26540.575,OLIGOMYCIN,1244_plate_2_E11,IRF,20.84
413,plate_2,1244,1244_plate_2,E11,5,Int2,31.36,26540.575,OLIGOMYCIN,1244_plate_2_E11,IRF,27.31
414,plate_2,1244,1244_plate_2,E11,6,Int2,32.93,26540.575,OLIGOMYCIN,1244_plate_2_E11,IRF,33.78
415,plate_2,1244,1244_plate_2,E11,7,Int3,47.4,26540.575,FCCP,1244_plate_2_E11,IRF,40.32
416,plate_2,1244,1244_plate_2,E11,8,Int3,48.36,26540.575,FCCP,1244_plate_2_E11,IRF,46.81
417,plate_2,1244,1244_plate_2,E11,9,Int3,49.77,26540.575,FCCP,1244_plate_2_E11,IRF,53.3
418,plate_2,1244,1244_plate_2,E11,10,Int4,18.79,26540.575,ROTENONE,1244_plate_2_E11,IRF,59.87
419,plate_2,1244,1244_plate_2,E11,11,Int4,19.4,26540.575,ROTENONE,1244_plate_2_E11,IRF,66.34
420,plate_2,1244,1244_plate_2,E11,12,Int4,18.93,26540.575,ROTENONE,1244_plate_2_E11,IRF,72.8
421,plate_2,5400,5400_plate_2,F2,1,Int1,71.82,26165.23967,Initial,5400_plate_2_F2,IRF,1.31
422,plate_2,5400,5400_plate_2,F2,2,Int1,68.42,26165.23967,Initial,5400_plate_2_F2,IRF,7.82
423,plate_2,5400,5400_plate_2,F2,3,Int1,67.41,26165.23967,Initial,5400_plate_2_F2,IRF,14.29
424,plate_2,5400,5400_plate_2,F2,4,Int2,32.71,26165.23967,OLIGOMYCIN,5400_plate_2_F2,IRF,20.84
425,plate_2,5400,5400_plate_2,F2,5,Int2,31.25,26165.23967,OLIGOMYCIN,5400_plate_2_F2,IRF,27.31
426,plate_2,5400,5400_plate_2,F2,6,Int2,31.4,26165.23967,OLIGOMYCIN,5400_plate_2_F2,IRF,33.78
427,plate_2,5400,5400_plate_2,F2,7,Int3,62.86,26165.23967,FCCP,5400_plate_2_F2,IRF,40.32
428,plate_2,5400,5400_plate_2,F2,8,Int3,66.22,26165.23967,FCCP,5400_plate_2_F2,IRF,46.81
429,plate_2,5400,5400_plate_2,F2,9,Int3,70.1,26165.23967,FCCP,5400_plate_2_F2,IRF,53.3
430,plate_2,5400,5400_plate_2,F2,10,Int4,22.09,26165.23967,ROTENONE,5400_plate_2_F2,IRF,59.87
431,plate_2,5400,5400_plate_2,F2,11,Int4,21.82,26165.23967,ROTENONE,5400_plate_2_F2,IRF,66.34
432,plate_2,5400,5400_plate_2,F2,12,Int4,20.55,26165.23967,ROTENONE,5400_plate_2_F2,IRF,72.8
433,plate_2,AV,AV_plate_2,F4,1,Int1,103.44,38819.40233,Initial,AV_plate_2_F4,IRF,1.31
434,plate_2,AV,AV_plate_2,F4,2,Int1,99.37,38819.40233,Initial,AV_plate_2_F4,IRF,7.82
435,plate_2,AV,AV_plate_2,F4,3,Int1,96.66,38819.40233,Initial,AV_plate_2_F4,IRF,14.29
436,plate_2,AV,AV_plate_2,F4,4,Int2,95.72,38819.40233,OLIGOMYCIN,AV_plate_2_F4,IRF,20.84
437,plate_2,AV,AV_plate_2,F4,5,Int2,94.89,38819.40233,OLIGOMYCIN,AV_plate_2_F4,IRF,27.31
438,plate_2,AV,AV_plate_2,F4,6,Int2,95.75,38819.40233,OLIGOMYCIN,AV_plate_2_F4,IRF,33.78
439,plate_2,AV,AV_plate_2,F4,7,Int3,121.48,38819.40233,FCCP,AV_plate_2_F4,IRF,40.32
440,plate_2,AV,AV_plate_2,F4,8,Int3,118.99,38819.40233,FCCP,AV_plate_2_F4,IRF,46.81
441,plate_2,AV,AV_plate_2,F4,9,Int3,118.11,38819.40233,FCCP,AV_plate_2_F4,IRF,53.3
442,plate_2,AV,AV_plate_2,F4,10,Int4,36.43,38819.40233,ROTENONE,AV_plate_2_F4,IRF,59.87
443,plate_2,AV,AV_plate_2,F4,11,Int4,37.57,38819.40233,ROTENONE,AV_plate_2_F4,IRF,66.34
444,plate_2,AV,AV_plate_2,F4,12,Int4,36.67,38819.40233,ROTENONE,AV_plate_2_F4,IRF,72.8
445,plate_2,MNGIE,MNGIE_plate_2,F5,1,Int1,62.88,39328.786,Initial,MNGIE_plate_2,IRF,1.31
446,plate_2,MNGIE,MNGIE_plate_2,F5,2,Int1,58.98,39328.786,Initial,MNGIE_plate_2,IRF,7.82
447,plate_2,MNGIE,MNGIE_plate_2,F5,3,Int1,57.51,39328.786,Initial,MNGIE_plate_2,IRF,14.29
448,plate_2,MNGIE,MNGIE_plate_2,F5,4,Int2,55.99,39328.786,OLIGOMYCIN,MNGIE_plate_2,IRF,20.84
449,plate_2,MNGIE,MNGIE_plate_2,F5,5,Int2,55.83,39328.786,OLIGOMYCIN,MNGIE_plate_2,IRF,27.31
450,plate_2,MNGIE,MNGIE_plate_2,F5,6,Int2,55.1,39328.786,OLIGOMYCIN,MNGIE_plate_2,IRF,33.78
451,plate_2,MNGIE,MNGIE_plate_2,F5,7,Int3,62.22,39328.786,FCCP,MNGIE_plate_2,IRF,40.32
452,plate_2,MNGIE,MNGIE_plate_2,F5,8,Int3,57.53,39328.786,FCCP,MNGIE_plate_2,IRF,46.81
453,plate_2,MNGIE,MNGIE_plate_2,F5,9,Int3,53.21,39328.786,FCCP,MNGIE_plate_2,IRF,53.3
454,plate_2,MNGIE,MNGIE_plate_2,F5,10,Int4,26.62,39328.786,ROTENONE,MNGIE_plate_2,IRF,59.87
455,plate_2,MNGIE,MNGIE_plate_2,F5,11,Int4,26.28,39328.786,ROTENONE,MNGIE_plate_2,IRF,66.34
456,plate_2,MNGIE,MNGIE_plate_2,F5,12,Int4,25.76,39328.786,ROTENONE,MNGIE_plate_2,IRF,72.8
457,plate_2,498,498_plate_2,F6,1,Int1,152.27,41151.84333,Initial,498_plate_2_F6,IRF,1.31
458,plate_2,498,498_plate_2,F6,2,Int1,145.49,41151.84333,Initial,498_plate_2_F6,IRF,7.82
459,plate_2,498,498_plate_2,F6,3,Int1,143.67,41151.84333,Initial,498_plate_2_F6,IRF,14.29
460,plate_2,498,498_plate_2,F6,4,Int2,86.16,41151.84333,OLIGOMYCIN,498_plate_2_F6,IRF,20.84
461,plate_2,498,498_plate_2,F6,5,Int2,85.91,41151.84333,OLIGOMYCIN,498_plate_2_F6,IRF,27.31
462,plate_2,498,498_plate_2,F6,6,Int2,85.07,41151.84333,OLIGOMYCIN,498_plate_2_F6,IRF,33.78
463,plate_2,498,498_plate_2,F6,7,Int3,164.39,41151.84333,FCCP,498_plate_2_F6,IRF,40.32
464,plate_2,498,498_plate_2,F6,8,Int3,179.4,41151.84333,FCCP,498_plate_2_F6,IRF,46.81
465,plate_2,498,498_plate_2,F6,9,Int3,185.15,41151.84333,FCCP,498_plate_2_F6,IRF,53.3
466,plate_2,498,498_plate_2,F6,10,Int4,52.68,41151.84333,ROTENONE,498_plate_2_F6,IRF,59.87
467,plate_2,498,498_plate_2,F6,11,Int4,54.83,41151.84333,ROTENONE,498_plate_2_F6,IRF,66.34
468,plate_2,498,498_plate_2,F6,12,Int4,55.35,41151.84333,ROTENONE,498_plate_2_F6,IRF,72.8
469,plate_2,1235,1235_plate_2,F7,1,Int1,77.47,27318.05533,Initial,1235_plate_2_F7,IRF,1.31
470,plate_2,1235,1235_plate_2,F7,2,Int1,74.49,27318.05533,Initial,1235_plate_2_F7,IRF,7.82
471,plate_2,1235,1235_plate_2,F7,3,Int1,74.07,27318.05533,Initial,1235_plate_2_F7,IRF,14.29
472,plate_2,1235,1235_plate_2,F7,4,Int2,72.74,27318.05533,OLIGOMYCIN,1235_plate_2_F7,IRF,20.84
473,plate_2,1235,1235_plate_2,F7,5,Int2,72.19,27318.05533,OLIGOMYCIN,1235_plate_2_F7,IRF,27.31
474,plate_2,1235,1235_plate_2,F7,6,Int2,72.19,27318.05533,OLIGOMYCIN,1235_plate_2_F7,IRF,33.78
475,plate_2,1235,1235_plate_2,F7,7,Int3,105.01,27318.05533,FCCP,1235_plate_2_F7,IRF,40.32
476,plate_2,1235,1235_plate_2,F7,8,Int3,107.1,27318.05533,FCCP,1235_plate_2_F7,IRF,46.81
477,plate_2,1235,1235_plate_2,F7,9,Int3,106.04,27318.05533,FCCP,1235_plate_2_F7,IRF,53.3
478,plate_2,1235,1235_plate_2,F7,10,Int4,27.27,27318.05533,ROTENONE,1235_plate_2_F7,IRF,59.87
479,plate_2,1235,1235_plate_2,F7,11,Int4,28.48,27318.05533,ROTENONE,1235_plate_2_F7,IRF,66.34
480,plate_2,1235,1235_plate_2,F7,12,Int4,26.93,27318.05533,ROTENONE,1235_plate_2_F7,IRF,72.8
481,plate_2,498_galactose,498_galactose_plate_2,F8,1,Int1,148.74,40910.55633,Initial,498_galactose_plate_2_F8,IRF,1.31
482,plate_2,498_galactose,498_galactose_plate_2,F8,2,Int1,141.4,40910.55633,Initial,498_galactose_plate_2_F8,IRF,7.82
483,plate_2,498_galactose,498_galactose_plate_2,F8,3,Int1,139.56,40910.55633,Initial,498_galactose_plate_2_F8,IRF,14.29
484,plate_2,498_galactose,498_galactose_plate_2,F8,4,Int2,80.28,40910.55633,OLIGOMYCIN,498_galactose_plate_2_F8,IRF,20.84
485,plate_2,498_galactose,498_galactose_plate_2,F8,5,Int2,81.02,40910.55633,OLIGOMYCIN,498_galactose_plate_2_F8,IRF,27.31
486,plate_2,498_galactose,498_galactose_plate_2,F8,6,Int2,79.76,40910.55633,OLIGOMYCIN,498_galactose_plate_2_F8,IRF,33.78
487,plate_2,498_galactose,498_galactose_plate_2,F8,7,Int3,140.14,40910.55633,FCCP,498_galactose_plate_2_F8,IRF,40.32
488,plate_2,498_galactose,498_galactose_plate_2,F8,8,Int3,163.22,40910.55633,FCCP,498_galactose_plate_2_F8,IRF,46.81
489,plate_2,498_galactose,498_galactose_plate_2,F8,9,Int3,171.97,40910.55633,FCCP,498_galactose_plate_2_F8,IRF,53.3
490,plate_2,498_galactose,498_galactose_plate_2,F8,10,Int4,50.2,40910.55633,ROTENONE,498_galactose_plate_2_F8,IRF,59.87
491,plate_2,498_galactose,498_galactose_plate_2,F8,11,Int4,52.5,40910.55633,ROTENONE,498_galactose_plate_2_F8,IRF,66.34
492,plate_2,498_galactose,498_galactose_plate_2,F8,12,Int4,51.96,40910.55633,ROTENONE,498_galactose_plate_2_F8,IRF,72.8
493,plate_2,498_mitoQ,498_mitoQ_plate_2,F9,1,Int1,73.2,38658.54433,Initial,498_mitoQ_plate_2_F9,IRF,1.31
494,plate_2,498_mitoQ,498_mitoQ_plate_2,F9,2,Int1,69.34,38658.54433,Initial,498_mitoQ_plate_2_F9,IRF,7.82
495,plate_2,498_mitoQ,498_mitoQ_plate_2,F9,3,Int1,68.47,38658.54433,Initial,498_mitoQ_plate_2_F9,IRF,14.29
496,plate_2,498_mitoQ,498_mitoQ_plate_2,F9,4,Int2,53.9,38658.54433,OLIGOMYCIN,498_mitoQ_plate_2_F9,IRF,20.84
497,plate_2,498_mitoQ,498_mitoQ_plate_2,F9,5,Int2,53.1,38658.54433,OLIGOMYCIN,498_mitoQ_plate_2_F9,IRF,27.31
498,plate_2,498_mitoQ,498_mitoQ_plate_2,F9,6,Int2,52.57,38658.54433,OLIGOMYCIN,498_mitoQ_plate_2_F9,IRF,33.78
499,plate_2,498_mitoQ,498_mitoQ_plate_2,F9,7,Int3,66.11,38658.54433,FCCP,498_mitoQ_plate_2_F9,IRF,40.32
500,plate_2,498_mitoQ,498_mitoQ_plate_2,F9,8,Int3,56.61,38658.54433,FCCP,498_mitoQ_plate_2_F9,IRF,46.81
501,plate_2,498_mitoQ,498_mitoQ_plate_2,F9,9,Int3,46.34,38658.54433,FCCP,498_mitoQ_plate_2_F9,IRF,53.3
502,plate_2,498_mitoQ,498_mitoQ_plate_2,F9,10,Int4,31.31,38658.54433,ROTENONE,498_mitoQ_plate_2_F9,IRF,59.87
503,plate_2,498_mitoQ,498_mitoQ_plate_2,F9,11,Int4,31.78,38658.54433,ROTENONE,498_mitoQ_plate_2_F9,IRF,66.34
504,plate_2,498_mitoQ,498_mitoQ_plate_2,F9,12,Int4,31.67,38658.54433,ROTENONE,498_mitoQ_plate_2_F9,IRF,72.8
505,plate_2,38,38_plate_2,F10,1,Int1,75.72,33135.753,Initial,38_plate_2_F10,HC,1.31
506,plate_2,38,38_plate_2,F10,2,Int1,72.58,33135.753,Initial,38_plate_2_F10,HC,7.82
507,plate_2,38,38_plate_2,F10,3,Int1,71.59,33135.753,Initial,38_plate_2_F10,HC,14.29
508,plate_2,38,38_plate_2,F10,4,Int2,69.27,33135.753,OLIGOMYCIN,38_plate_2_F10,HC,20.84
509,plate_2,38,38_plate_2,F10,5,Int2,68.9,33135.753,OLIGOMYCIN,38_plate_2_F10,HC,27.31
510,plate_2,38,38_plate_2,F10,6,Int2,69.32,33135.753,OLIGOMYCIN,38_plate_2_F10,HC,33.78
511,plate_2,38,38_plate_2,F10,7,Int3,93.46,33135.753,FCCP,38_plate_2_F10,HC,40.32
512,plate_2,38,38_plate_2,F10,8,Int3,95.26,33135.753,FCCP,38_plate_2_F10,HC,46.81
513,plate_2,38,38_plate_2,F10,9,Int3,94.97,33135.753,FCCP,38_plate_2_F10,HC,53.3
514,plate_2,38,38_plate_2,F10,10,Int4,21.33,33135.753,ROTENONE,38_plate_2_F10,HC,59.87
515,plate_2,38,38_plate_2,F10,11,Int4,21.38,33135.753,ROTENONE,38_plate_2_F10,HC,66.34
516,plate_2,38,38_plate_2,F10,12,Int4,21.6,33135.753,ROTENONE,38_plate_2_F10,HC,72.8
517,plate_2,1244,1244_plate_2,F11,1,Int1,60.84,21661.21567,Initial,1244_plate_2_F11,HC,1.31
518,plate_2,1244,1244_plate_2,F11,2,Int1,56.23,21661.21567,Initial,1244_plate_2_F11,HC,7.82
519,plate_2,1244,1244_plate_2,F11,3,Int1,54.98,21661.21567,Initial,1244_plate_2_F11,HC,14.29
520,plate_2,1244,1244_plate_2,F11,4,Int2,27.27,21661.21567,OLIGOMYCIN,1244_plate_2_F11,HC,20.84
521,plate_2,1244,1244_plate_2,F11,5,Int2,27.63,21661.21567,OLIGOMYCIN,1244_plate_2_F11,HC,27.31
522,plate_2,1244,1244_plate_2,F11,6,Int2,28.92,21661.21567,OLIGOMYCIN,1244_plate_2_F11,HC,33.78
523,plate_2,1244,1244_plate_2,F11,7,Int3,41.74,21661.21567,FCCP,1244_plate_2_F11,HC,40.32
524,plate_2,1244,1244_plate_2,F11,8,Int3,39.37,21661.21567,FCCP,1244_plate_2_F11,HC,46.81
525,plate_2,1244,1244_plate_2,F11,9,Int3,38.97,21661.21567,FCCP,1244_plate_2_F11,HC,53.3
526,plate_2,1244,1244_plate_2,F11,10,Int4,16.21,21661.21567,ROTENONE,1244_plate_2_F11,HC,59.87
527,plate_2,1244,1244_plate_2,F11,11,Int4,15.2,21661.21567,ROTENONE,1244_plate_2_F11,HC,66.34
528,plate_2,1244,1244_plate_2,F11,12,Int4,15.64,21661.21567,ROTENONE,1244_plate_2_F11,HC,72.8
529,plate_2,5400,5400_plate_2,G2,1,Int1,78.29,25173.282,Initial,5400_plate_2_G2,HC,1.31
530,plate_2,5400,5400_plate_2,G2,2,Int1,73.19,25173.282,Initial,5400_plate_2_G2,HC,7.82
531,plate_2,5400,5400_plate_2,G2,3,Int1,72,25173.282,Initial,5400_plate_2_G2,HC,14.29
532,plate_2,5400,5400_plate_2,G2,4,Int2,70.35,25173.282,OLIGOMYCIN,5400_plate_2_G2,HC,20.84
533,plate_2,5400,5400_plate_2,G2,5,Int2,70.07,25173.282,OLIGOMYCIN,5400_plate_2_G2,HC,27.31
534,plate_2,5400,5400_plate_2,G2,6,Int2,70.02,25173.282,OLIGOMYCIN,5400_plate_2_G2,HC,33.78
535,plate_2,5400,5400_plate_2,G2,7,Int3,88.71,25173.282,FCCP,5400_plate_2_G2,HC,40.32
536,plate_2,5400,5400_plate_2,G2,8,Int3,52.51,25173.282,FCCP,5400_plate_2_G2,HC,46.81
537,plate_2,5400,5400_plate_2,G2,9,Int3,32.84,25173.282,FCCP,5400_plate_2_G2,HC,53.3
538,plate_2,5400,5400_plate_2,G2,10,Int4,25.44,25173.282,ROTENONE,5400_plate_2_G2,HC,59.87
539,plate_2,5400,5400_plate_2,G2,11,Int4,25.08,25173.282,ROTENONE,5400_plate_2_G2,HC,66.34
540,plate_2,5400,5400_plate_2,G2,12,Int4,24.24,25173.282,ROTENONE,5400_plate_2_G2,HC,72.8
541,plate_2,AV,AV_plate_2,G4,1,Int1,120.68,37291.25133,Initial,AV_plate_2_G4,HC,1.31
542,plate_2,AV,AV_plate_2,G4,2,Int1,113.02,37291.25133,Initial,AV_plate_2_G4,HC,7.82
543,plate_2,AV,AV_plate_2,G4,3,Int1,110.95,37291.25133,Initial,AV_plate_2_G4,HC,14.29
544,plate_2,AV,AV_plate_2,G4,4,Int2,108.99,37291.25133,OLIGOMYCIN,AV_plate_2_G4,HC,20.84
545,plate_2,AV,AV_plate_2,G4,5,Int2,108.44,37291.25133,OLIGOMYCIN,AV_plate_2_G4,HC,27.31
546,plate_2,AV,AV_plate_2,G4,6,Int2,108.27,37291.25133,OLIGOMYCIN,AV_plate_2_G4,HC,33.78
547,plate_2,AV,AV_plate_2,G4,7,Int3,133.47,37291.25133,FCCP,AV_plate_2_G4,HC,40.32
548,plate_2,AV,AV_plate_2,G4,8,Int3,133.4,37291.25133,FCCP,AV_plate_2_G4,HC,46.81
549,plate_2,AV,AV_plate_2,G4,9,Int3,131.68,37291.25133,FCCP,AV_plate_2_G4,HC,53.3
550,plate_2,AV,AV_plate_2,G4,10,Int4,46.13,37291.25133,ROTENONE,AV_plate_2_G4,HC,59.87
551,plate_2,AV,AV_plate_2,G4,11,Int4,46.69,37291.25133,ROTENONE,AV_plate_2_G4,HC,66.34
552,plate_2,AV,AV_plate_2,G4,12,Int4,45.99,37291.25133,ROTENONE,AV_plate_2_G4,HC,72.8
553,plate_2,MNGIE,MNGIE_plate_2,G5,1,Int1,64.57,34744.333,Initial,MNGIE_plate_2_G5,HC,1.31
554,plate_2,MNGIE,MNGIE_plate_2,G5,2,Int1,61.62,34744.333,Initial,MNGIE_plate_2_G5,HC,7.82
555,plate_2,MNGIE,MNGIE_plate_2,G5,3,Int1,60.86,34744.333,Initial,MNGIE_plate_2_G5,HC,14.29
556,plate_2,MNGIE,MNGIE_plate_2,G5,4,Int2,59.01,34744.333,OLIGOMYCIN,MNGIE_plate_2_G5,HC,20.84
557,plate_2,MNGIE,MNGIE_plate_2,G5,5,Int2,59.39,34744.333,OLIGOMYCIN,MNGIE_plate_2_G5,HC,27.31
558,plate_2,MNGIE,MNGIE_plate_2,G5,6,Int2,59.15,34744.333,OLIGOMYCIN,MNGIE_plate_2_G5,HC,33.78
559,plate_2,MNGIE,MNGIE_plate_2,G5,7,Int3,59.77,34744.333,FCCP,MNGIE_plate_2_G5,HC,40.32
560,plate_2,MNGIE,MNGIE_plate_2,G5,8,Int3,50.87,34744.333,FCCP,MNGIE_plate_2_G5,HC,46.81
561,plate_2,MNGIE,MNGIE_plate_2,G5,9,Int3,39.48,34744.333,FCCP,MNGIE_plate_2_G5,HC,53.3
562,plate_2,MNGIE,MNGIE_plate_2,G5,10,Int4,25.81,34744.333,ROTENONE,MNGIE_plate_2_G5,HC,59.87
563,plate_2,MNGIE,MNGIE_plate_2,G5,11,Int4,26.31,34744.333,ROTENONE,MNGIE_plate_2_G5,HC,66.34
564,plate_2,MNGIE,MNGIE_plate_2,G5,12,Int4,25.77,34744.333,ROTENONE,MNGIE_plate_2_G5,HC,72.8
565,plate_2,498,498_plate_2,G6,1,Int1,154.46,40347.55333,Initial,498_plate_2_G6,PC2,1.31
566,plate_2,498,498_plate_2,G6,2,Int1,148.42,40347.55333,Initial,498_plate_2_G6,PC2,7.82
567,plate_2,498,498_plate_2,G6,3,Int1,146.7,40347.55333,Initial,498_plate_2_G6,PC2,14.29
568,plate_2,498,498_plate_2,G6,4,Int2,85.77,40347.55333,OLIGOMYCIN,498_plate_2_G6,PC2,20.84
569,plate_2,498,498_plate_2,G6,5,Int2,86.51,40347.55333,OLIGOMYCIN,498_plate_2_G6,PC2,27.31
570,plate_2,498,498_plate_2,G6,6,Int2,85.15,40347.55333,OLIGOMYCIN,498_plate_2_G6,PC2,33.78
571,plate_2,498,498_plate_2,G6,7,Int3,159.93,40347.55333,FCCP,498_plate_2_G6,PC2,40.32
572,plate_2,498,498_plate_2,G6,8,Int3,163.8,40347.55333,FCCP,498_plate_2_G6,PC2,46.81
573,plate_2,498,498_plate_2,G6,9,Int3,169.51,40347.55333,FCCP,498_plate_2_G6,PC2,53.3
574,plate_2,498,498_plate_2,G6,10,Int4,51.65,40347.55333,ROTENONE,498_plate_2_G6,PC2,59.87
575,plate_2,498,498_plate_2,G6,11,Int4,56.48,40347.55333,ROTENONE,498_plate_2_G6,PC2,66.34
576,plate_2,498,498_plate_2,G6,12,Int4,56.99,40347.55333,ROTENONE,498_plate_2_G6,PC2,72.8
577,plate_2,1235,1235_plate_2,G7,1,Int1,74.65,29784.54467,Initial,1235_plate_2_G7,PC2,1.31
578,plate_2,1235,1235_plate_2,G7,2,Int1,71.62,29784.54467,Initial,1235_plate_2_G7,PC2,7.82
579,plate_2,1235,1235_plate_2,G7,3,Int1,70.75,29784.54467,Initial,1235_plate_2_G7,PC2,14.29
580,plate_2,1235,1235_plate_2,G7,4,Int2,71.09,29784.54467,OLIGOMYCIN,1235_plate_2_G7,PC2,20.84
581,plate_2,1235,1235_plate_2,G7,5,Int2,70.21,29784.54467,OLIGOMYCIN,1235_plate_2_G7,PC2,27.31
582,plate_2,1235,1235_plate_2,G7,6,Int2,69.54,29784.54467,OLIGOMYCIN,1235_plate_2_G7,PC2,33.78
583,plate_2,1235,1235_plate_2,G7,7,Int3,102.62,29784.54467,FCCP,1235_plate_2_G7,PC2,40.32
584,plate_2,1235,1235_plate_2,G7,8,Int3,101.25,29784.54467,FCCP,1235_plate_2_G7,PC2,46.81
585,plate_2,1235,1235_plate_2,G7,9,Int3,97.26,29784.54467,FCCP,1235_plate_2_G7,PC2,53.3
586,plate_2,1235,1235_plate_2,G7,10,Int4,22.47,29784.54467,ROTENONE,1235_plate_2_G7,PC2,59.87
587,plate_2,1235,1235_plate_2,G7,11,Int4,24.43,29784.54467,ROTENONE,1235_plate_2_G7,PC2,66.34
588,plate_2,1235,1235_plate_2,G7,12,Int4,24.43,29784.54467,ROTENONE,1235_plate_2_G7,PC2,72.8
589,plate_2,498_galactose,498_galactose_plate_2,G8,1,Int1,147.58,42840.85233,Initial,498_galactose_plate_2_G8,PC2,1.31
590,plate_2,498_galactose,498_galactose_plate_2,G8,2,Int1,141.23,42840.85233,Initial,498_galactose_plate_2_G8,PC2,7.82
591,plate_2,498_galactose,498_galactose_plate_2,G8,3,Int1,140.37,42840.85233,Initial,498_galactose_plate_2_G8,PC2,14.29
592,plate_2,498_galactose,498_galactose_plate_2,G8,4,Int2,80.03,42840.85233,OLIGOMYCIN,498_galactose_plate_2_G8,PC2,20.84
593,plate_2,498_galactose,498_galactose_plate_2,G8,5,Int2,79.92,42840.85233,OLIGOMYCIN,498_galactose_plate_2_G8,PC2,27.31
594,plate_2,498_galactose,498_galactose_plate_2,G8,6,Int2,79.26,42840.85233,OLIGOMYCIN,498_galactose_plate_2_G8,PC2,33.78
595,plate_2,498_galactose,498_galactose_plate_2,G8,7,Int3,135.45,42840.85233,FCCP,498_galactose_plate_2_G8,PC2,40.32
596,plate_2,498_galactose,498_galactose_plate_2,G8,8,Int3,158.55,42840.85233,FCCP,498_galactose_plate_2_G8,PC2,46.81
597,plate_2,498_galactose,498_galactose_plate_2,G8,9,Int3,168.27,42840.85233,FCCP,498_galactose_plate_2_G8,PC2,53.3
598,plate_2,498_galactose,498_galactose_plate_2,G8,10,Int4,46.68,42840.85233,ROTENONE,498_galactose_plate_2_G8,PC2,59.87
599,plate_2,498_galactose,498_galactose_plate_2,G8,11,Int4,49.74,42840.85233,ROTENONE,498_galactose_plate_2_G8,PC2,66.34
600,plate_2,498_galactose,498_galactose_plate_2,G8,12,Int4,50.79,42840.85233,ROTENONE,498_galactose_plate_2_G8,PC2,72.8
601,plate_2,498_mitoQ,498_mitoQ_plate_2,G9,1,Int1,63.75,42036.56233,Initial,498_mitoQ_plate_2_G9,PC2,1.31
602,plate_2,498_mitoQ,498_mitoQ_plate_2,G9,2,Int1,60.83,42036.56233,Initial,498_mitoQ_plate_2_G9,PC2,7.82
603,plate_2,498_mitoQ,498_mitoQ_plate_2,G9,3,Int1,59.67,42036.56233,Initial,498_mitoQ_plate_2_G9,PC2,14.29
604,plate_2,498_mitoQ,498_mitoQ_plate_2,G9,4,Int2,45.8,42036.56233,OLIGOMYCIN,498_mitoQ_plate_2_G9,PC2,20.84
605,plate_2,498_mitoQ,498_mitoQ_plate_2,G9,5,Int2,45.44,42036.56233,OLIGOMYCIN,498_mitoQ_plate_2_G9,PC2,27.31
606,plate_2,498_mitoQ,498_mitoQ_plate_2,G9,6,Int2,45.32,42036.56233,OLIGOMYCIN,498_mitoQ_plate_2_G9,PC2,33.78
607,plate_2,498_mitoQ,498_mitoQ_plate_2,G9,7,Int3,59.34,42036.56233,FCCP,498_mitoQ_plate_2_G9,PC2,40.32
608,plate_2,498_mitoQ,498_mitoQ_plate_2,G9,8,Int3,54.8,42036.56233,FCCP,498_mitoQ_plate_2_G9,PC2,46.81
609,plate_2,498_mitoQ,498_mitoQ_plate_2,G9,9,Int3,47.65,42036.56233,FCCP,498_mitoQ_plate_2_G9,PC2,53.3
610,plate_2,498_mitoQ,498_mitoQ_plate_2,G9,10,Int4,25.5,42036.56233,ROTENONE,498_mitoQ_plate_2_G9,PC2,59.87
611,plate_2,498_mitoQ,498_mitoQ_plate_2,G9,11,Int4,26.73,42036.56233,ROTENONE,498_mitoQ_plate_2_G9,PC2,66.34
612,plate_2,498_mitoQ,498_mitoQ_plate_2,G9,12,Int4,26.79,42036.56233,ROTENONE,498_mitoQ_plate_2_G9,PC2,72.8
613,plate_2,1244,1244_plate_2,G11,1,Int1,62.92,27425.294,Initial,1244_plate_2_G11,PC2,1.31
614,plate_2,1244,1244_plate_2,G11,2,Int1,57.53,27425.294,Initial,1244_plate_2_G11,PC2,7.82
615,plate_2,1244,1244_plate_2,G11,3,Int1,56.7,27425.294,Initial,1244_plate_2_G11,PC2,14.29
616,plate_2,1244,1244_plate_2,G11,4,Int2,25.83,27425.294,OLIGOMYCIN,1244_plate_2_G11,PC2,20.84
617,plate_2,1244,1244_plate_2,G11,5,Int2,26.63,27425.294,OLIGOMYCIN,1244_plate_2_G11,PC2,27.31
618,plate_2,1244,1244_plate_2,G11,6,Int2,28.36,27425.294,OLIGOMYCIN,1244_plate_2_G11,PC2,33.78
619,plate_2,1244,1244_plate_2,G11,7,Int3,50.18,27425.294,FCCP,1244_plate_2_G11,PC2,40.32
620,plate_2,1244,1244_plate_2,G11,8,Int3,49.13,27425.294,FCCP,1244_plate_2_G11,PC2,46.81
621,plate_2,1244,1244_plate_2,G11,9,Int3,48.77,27425.294,FCCP,1244_plate_2_G11,PC2,53.3
622,plate_2,1244,1244_plate_2,G11,10,Int4,12.81,27425.294,ROTENONE,1244_plate_2_G11,PC2,59.87
623,plate_2,1244,1244_plate_2,G11,11,Int4,14.29,27425.294,ROTENONE,1244_plate_2_G11,PC2,66.34
624,plate_2,1244,1244_plate_2,G11,12,Int4,13.87,27425.294,ROTENONE,1244_plate_2_G11,PC2,72.8
